item_nbr,family,class,perishable,label
96995,GROCERY I,1093,0,0.0
99197,GROCERY I,1067,0,0.0
103520,GROCERY I,1028,0,4.0
105574,GROCERY I,1045,0,3.0
105575,GROCERY I,1045,0,3.0
105576,GROCERY I,1045,0,3.0
105577,GROCERY I,1045,0,3.0
105693,GROCERY I,1034,0,4.0
105737,GROCERY I,1044,0,4.0
105857,GROCERY I,1092,0,4.0
106716,GROCERY I,1032,0,4.0
108079,GROCERY I,1030,0,0.0
108634,GROCERY I,1075,0,0.0
108797,GROCERY I,1004,0,6.0
108862,GROCERY I,1062,0,0.0
111223,GROCERY I,1034,0,4.0
111397,GROCERY I,1072,0,8.0
112830,GROCERY I,1044,0,4.0
114778,GROCERY I,1016,0,6.0
114790,GROCERY I,1004,0,6.0
115611,GROCERY I,1014,0,9.0
115693,GROCERY I,1040,0,6.0
115720,GROCERY I,1084,0,1.0
115850,GROCERY I,1004,0,6.0
115891,GROCERY I,1016,0,6.0
115892,GROCERY I,1016,0,6.0
115893,GROCERY I,1016,0,6.0
115894,GROCERY I,1016,0,6.0
116017,GROCERY I,1072,0,8.0
116018,GROCERY I,1072,0,8.0
116279,GROCERY I,1056,0,4.0
119141,GROCERY I,1042,0,1.0
122418,GROCERY I,1004,0,6.0
122419,GROCERY I,1004,0,6.0
123601,GROCERY I,1072,0,8.0
123602,GROCERY I,1072,0,8.0
123927,GROCERY I,1026,0,4.0
125430,GROCERY I,1016,0,6.0
127534,GROCERY I,1032,0,4.0
129296,GROCERY I,1032,0,4.0
129297,GROCERY I,1032,0,4.0
129758,GROCERY I,1032,0,4.0
129759,GROCERY I,1032,0,4.0
153267,GROCERY I,1096,0,4.0
155499,GROCERY I,1013,0,8.0
155500,GROCERY I,1014,0,9.0
155600,GROCERY I,1034,0,4.0
155601,GROCERY I,1034,0,4.0
155607,GROCERY I,1034,0,4.0
155610,GROCERY I,1034,0,4.0
155621,GROCERY I,1062,0,0.0
155625,GROCERY I,1092,0,4.0
157956,GROCERY I,1030,0,0.0
158875,GROCERY I,1026,0,4.0
161288,GROCERY I,1072,0,8.0
162066,GROCERY I,1048,0,4.0
164036,GROCERY I,1048,0,4.0
164037,GROCERY I,1048,0,4.0
165594,GROCERY I,1014,0,9.0
165693,GROCERY I,1066,0,1.0
165704,GROCERY I,1016,0,6.0
165705,GROCERY I,1016,0,6.0
165727,GROCERY I,1032,0,4.0
165988,GROCERY I,1072,0,8.0
168989,GROCERY I,1028,0,4.0
169028,GROCERY I,1040,0,6.0
170791,GROCERY I,1080,0,7.0
172184,GROCERY I,1058,0,6.0
172343,GROCERY I,1004,0,6.0
173111,GROCERY I,1058,0,6.0
177395,GROCERY I,1032,0,4.0
179274,GROCERY I,1032,0,4.0
179564,GROCERY I,1032,0,4.0
179579,GROCERY I,1032,0,4.0
179600,GROCERY I,1006,0,0.0
205381,GROCERY I,1034,0,4.0
205387,GROCERY I,1034,0,4.0
205557,GROCERY I,1062,0,0.0
207857,GROCERY I,1010,0,1.0
208514,GROCERY I,1010,0,1.0
208659,GROCERY I,1078,0,4.0
208699,GROCERY I,1034,0,4.0
210798,GROCERY I,1074,0,4.0
211203,GROCERY I,1072,0,8.0
211205,GROCERY I,1072,0,8.0
211206,GROCERY I,1072,0,8.0
211999,GROCERY I,1036,0,4.0
212550,GROCERY I,1036,0,4.0
212552,GROCERY I,1044,0,4.0
213066,GROCERY I,1074,0,4.0
213652,GROCERY I,1048,0,4.0
213653,GROCERY I,1048,0,4.0
213788,GROCERY I,1096,0,4.0
215303,GROCERY I,1026,0,4.0
215304,GROCERY I,1026,0,4.0
215327,GROCERY I,1040,0,6.0
215331,GROCERY I,1040,0,6.0
215332,GROCERY I,1040,0,6.0
215352,GROCERY I,1016,0,6.0
215356,GROCERY I,1016,0,6.0
215896,GROCERY I,1044,0,4.0
217827,GROCERY I,1045,0,3.0
220432,GROCERY I,1080,0,7.0
220435,GROCERY I,1080,0,7.0
222879,GROCERY I,1058,0,6.0
222975,GROCERY I,1072,0,8.0
223068,GROCERY I,1030,0,0.0
223136,GROCERY I,1072,0,8.0
223434,GROCERY I,1032,0,4.0
223463,GROCERY I,1026,0,4.0
226857,GROCERY I,1035,0,0.0
229368,GROCERY I,1086,0,4.0
246052,GROCERY I,1039,0,4.0
253145,GROCERY I,1096,0,4.0
255161,GROCERY I,1034,0,4.0
255198,GROCERY I,1044,0,4.0
255199,GROCERY I,1044,0,4.0
255202,GROCERY I,1045,0,3.0
258395,GROCERY I,1002,0,0.0
258396,GROCERY I,1010,0,1.0
260669,GROCERY I,1034,0,4.0
260893,GROCERY I,1072,0,8.0
261052,GROCERY I,1072,0,8.0
261053,GROCERY I,1072,0,8.0
261700,GROCERY I,1048,0,4.0
262358,GROCERY I,1044,0,4.0
262991,GROCERY I,1034,0,4.0
263583,GROCERY I,1074,0,4.0
265237,GROCERY I,1060,0,1.0
265254,GROCERY I,1016,0,6.0
265257,GROCERY I,1016,0,6.0
265258,GROCERY I,1016,0,6.0
265559,GROCERY I,1072,0,8.0
265672,GROCERY I,1056,0,4.0
268662,GROCERY I,1028,0,4.0
268664,GROCERY I,1028,0,4.0
268676,GROCERY I,1062,0,0.0
268834,GROCERY I,1056,0,4.0
273859,GROCERY I,1044,0,4.0
276560,GROCERY I,1087,0,0.0
278806,GROCERY I,1032,0,4.0
279125,GROCERY I,1032,0,4.0
279137,GROCERY I,1086,0,4.0
279494,GROCERY I,1062,0,0.0
302995,GROCERY I,1084,0,1.0
302997,GROCERY I,1096,0,4.0
302998,GROCERY I,1096,0,4.0
305074,GROCERY I,1044,0,4.0
305079,GROCERY I,1044,0,4.0
305080,GROCERY I,1045,0,3.0
305081,GROCERY I,1045,0,3.0
305227,GROCERY I,1013,0,8.0
305229,GROCERY I,1014,0,9.0
305234,GROCERY I,1044,0,4.0
305237,GROCERY I,1044,0,4.0
305341,GROCERY I,1092,0,4.0
305344,GROCERY I,1092,0,4.0
305345,GROCERY I,1092,0,4.0
308726,GROCERY I,1084,0,1.0
310671,GROCERY I,1034,0,4.0
310790,GROCERY I,1034,0,4.0
312324,GROCERY I,1044,0,4.0
312596,GROCERY I,1035,0,0.0
313094,GROCERY I,1042,0,1.0
313641,GROCERY I,1074,0,4.0
314384,GROCERY I,1004,0,6.0
315220,GROCERY I,1014,0,9.0
315221,GROCERY I,1014,0,9.0
315277,GROCERY I,1040,0,6.0
315279,GROCERY I,1040,0,6.0
315320,GROCERY I,1066,0,1.0
315322,GROCERY I,1084,0,1.0
315460,GROCERY I,1016,0,6.0
315712,GROCERY I,1072,0,8.0
315713,GROCERY I,1072,0,8.0
315753,GROCERY I,1030,0,0.0
318787,GROCERY I,1040,0,6.0
320681,GROCERY I,1080,0,7.0
320682,GROCERY I,1080,0,7.0
323013,GROCERY I,1058,0,6.0
323217,GROCERY I,1030,0,0.0
323227,GROCERY I,1030,0,0.0
326951,GROCERY I,1016,0,6.0
329070,GROCERY I,1032,0,4.0
329071,GROCERY I,1032,0,4.0
329361,GROCERY I,1032,0,4.0
329362,GROCERY I,1032,0,4.0
329364,GROCERY I,1032,0,4.0
329365,GROCERY I,1032,0,4.0
346065,GROCERY I,1039,0,4.0
346066,GROCERY I,1039,0,4.0
346406,GROCERY I,1039,0,4.0
354918,GROCERY I,1034,0,4.0
354919,GROCERY I,1034,0,4.0
354922,GROCERY I,1034,0,4.0
354964,GROCERY I,1030,0,0.0
354971,GROCERY I,1044,0,4.0
355090,GROCERY I,1024,0,4.0
355091,GROCERY I,1038,0,4.0
358096,GROCERY I,1002,0,0.0
358100,GROCERY I,1010,0,1.0
358264,GROCERY I,1078,0,4.0
358515,GROCERY I,1024,0,4.0
358519,GROCERY I,1084,0,1.0
360703,GROCERY I,1072,0,8.0
360704,GROCERY I,1072,0,8.0
360705,GROCERY I,1072,0,8.0
361502,GROCERY I,1036,0,4.0
362035,GROCERY I,1044,0,4.0
362548,GROCERY I,1042,0,1.0
363868,GROCERY I,1016,0,6.0
363889,GROCERY I,1058,0,6.0
364606,GROCERY I,1014,0,9.0
364724,GROCERY I,1084,0,1.0
364829,GROCERY I,1040,0,6.0
364832,GROCERY I,1040,0,6.0
364834,GROCERY I,1040,0,6.0
365138,GROCERY I,1072,0,8.0
365139,GROCERY I,1072,0,8.0
365140,GROCERY I,1072,0,8.0
368136,GROCERY I,1040,0,6.0
368139,GROCERY I,1040,0,6.0
368140,GROCERY I,1040,0,6.0
368260,GROCERY I,1028,0,4.0
368270,GROCERY I,1076,0,8.0
368424,GROCERY I,1078,0,4.0
369432,GROCERY I,1036,0,4.0
370042,GROCERY I,1080,0,7.0
371434,GROCERY I,1058,0,6.0
372480,GROCERY I,1072,0,8.0
372924,GROCERY I,1002,0,0.0
372937,GROCERY I,1032,0,4.0
374464,GROCERY I,1016,0,6.0
376194,GROCERY I,1016,0,6.0
378330,GROCERY I,1032,0,4.0
378332,GROCERY I,1032,0,4.0
401817,GROCERY I,1078,0,4.0
402174,GROCERY I,1096,0,4.0
402175,GROCERY I,1096,0,4.0
404332,GROCERY I,1044,0,4.0
404333,GROCERY I,1044,0,4.0
404334,GROCERY I,1044,0,4.0
404336,GROCERY I,1045,0,3.0
404439,GROCERY I,1034,0,4.0
404442,GROCERY I,1034,0,4.0
404454,GROCERY I,1034,0,4.0
405304,GROCERY I,1032,0,4.0
409904,GROCERY I,1034,0,4.0
410257,GROCERY I,1072,0,8.0
411555,GROCERY I,1044,0,4.0
411557,GROCERY I,1044,0,4.0
413557,GROCERY I,1058,0,6.0
414353,GROCERY I,1014,0,9.0
414354,GROCERY I,1014,0,9.0
414421,GROCERY I,1040,0,6.0
414425,GROCERY I,1040,0,6.0
414426,GROCERY I,1040,0,6.0
414454,GROCERY I,1084,0,1.0
414455,GROCERY I,1084,0,1.0
414620,GROCERY I,1016,0,6.0
414621,GROCERY I,1016,0,6.0
414623,GROCERY I,1016,0,6.0
414750,GROCERY I,1072,0,8.0
414752,GROCERY I,1072,0,8.0
416252,GROCERY I,1067,0,0.0
417835,GROCERY I,1028,0,4.0
421066,GROCERY I,1004,0,6.0
422452,GROCERY I,1032,0,4.0
428054,GROCERY I,1032,0,4.0
428394,GROCERY I,1032,0,4.0
437609,GROCERY I,1079,0,0.0
452022,GROCERY I,1030,0,0.0
454326,GROCERY I,1044,0,4.0
454413,GROCERY I,1034,0,4.0
454414,GROCERY I,1034,0,4.0
454416,GROCERY I,1034,0,4.0
454426,GROCERY I,1034,0,4.0
454589,GROCERY I,1038,0,4.0
454593,GROCERY I,1092,0,4.0
454596,GROCERY I,1092,0,4.0
456870,GROCERY I,1010,0,1.0
457556,GROCERY I,1004,0,6.0
459801,GROCERY I,1034,0,4.0
459804,GROCERY I,1086,0,4.0
460804,GROCERY I,1048,0,4.0
461752,GROCERY I,1035,0,0.0
462673,GROCERY I,1048,0,4.0
464112,GROCERY I,1092,0,4.0
464263,GROCERY I,1014,0,9.0
464302,GROCERY I,1026,0,4.0
464333,GROCERY I,1040,0,6.0
464334,GROCERY I,1040,0,6.0
464336,GROCERY I,1040,0,6.0
464339,GROCERY I,1040,0,6.0
464356,GROCERY I,1040,0,6.0
464536,GROCERY I,1016,0,6.0
464906,GROCERY I,1012,0,1.0
464907,GROCERY I,1056,0,4.0
467887,GROCERY I,1076,0,8.0
469643,GROCERY I,1030,0,0.0
471980,GROCERY I,1058,0,6.0
472314,GROCERY I,1030,0,0.0
472526,GROCERY I,1026,0,4.0
472645,GROCERY I,1002,0,0.0
472658,GROCERY I,1032,0,4.0
479200,GROCERY I,1093,0,0.0
502067,GROCERY I,1028,0,4.0
502224,GROCERY I,1062,0,0.0
502227,GROCERY I,1096,0,4.0
502230,GROCERY I,1096,0,4.0
504457,GROCERY I,1034,0,4.0
506717,GROCERY I,1030,0,0.0
507867,GROCERY I,1070,0,1.0
507870,GROCERY I,1084,0,1.0
509872,GROCERY I,1086,0,4.0
510052,GROCERY I,1072,0,8.0
510054,GROCERY I,1072,0,8.0
510055,GROCERY I,1072,0,8.0
510057,GROCERY I,1072,0,8.0
511397,GROCERY I,1044,0,4.0
514144,GROCERY I,1060,0,1.0
514149,GROCERY I,1066,0,1.0
514242,GROCERY I,1026,0,4.0
514597,GROCERY I,1012,0,1.0
514729,GROCERY I,1048,0,4.0
514730,GROCERY I,1056,0,4.0
517615,GROCERY I,1074,0,4.0
521818,GROCERY I,1058,0,6.0
522383,GROCERY I,1002,0,0.0
522941,GROCERY I,1002,0,0.0
525887,GROCERY I,1032,0,4.0
527757,GROCERY I,1032,0,4.0
554047,GROCERY I,1044,0,4.0
554048,GROCERY I,1044,0,4.0
554049,GROCERY I,1045,0,3.0
554143,GROCERY I,1034,0,4.0
554144,GROCERY I,1034,0,4.0
554145,GROCERY I,1034,0,4.0
554152,GROCERY I,1034,0,4.0
557810,GROCERY I,1084,0,1.0
559680,GROCERY I,1034,0,4.0
559682,GROCERY I,1086,0,4.0
559870,GROCERY I,1072,0,8.0
559872,GROCERY I,1072,0,8.0
559873,GROCERY I,1072,0,8.0
562568,GROCERY I,1096,0,4.0
564110,GROCERY I,1066,0,1.0
564272,GROCERY I,1016,0,6.0
564274,GROCERY I,1016,0,6.0
564533,GROCERY I,1012,0,1.0
564534,GROCERY I,1012,0,1.0
567579,GROCERY I,1028,0,4.0
567588,GROCERY I,1062,0,0.0
567623,GROCERY I,1040,0,6.0
567644,GROCERY I,1042,0,1.0
567750,GROCERY I,1056,0,4.0
567787,GROCERY I,1078,0,4.0
570869,GROCERY I,1034,0,4.0
570870,GROCERY I,1086,0,4.0
570917,GROCERY I,1054,0,4.0
573832,GROCERY I,1016,0,6.0
575630,GROCERY I,1035,0,0.0
575675,GROCERY I,1016,0,6.0
575863,GROCERY I,1032,0,4.0
577740,GROCERY I,1032,0,4.0
577741,GROCERY I,1032,0,4.0
577743,GROCERY I,1032,0,4.0
577745,GROCERY I,1032,0,4.0
578467,GROCERY I,1062,0,0.0
579759,GROCERY I,1014,0,9.0
580929,GROCERY I,1004,0,6.0
581742,GROCERY I,1072,0,8.0
586423,GROCERY I,1056,0,4.0
586969,GROCERY I,1004,0,6.0
587069,GROCERY I,1004,0,6.0
592942,GROCERY I,1030,0,0.0
598414,GROCERY I,1032,0,4.0
598492,GROCERY I,1032,0,4.0
603255,GROCERY I,1030,0,0.0
619969,GROCERY I,1014,0,9.0
621300,GROCERY I,1040,0,6.0
622958,GROCERY I,1014,0,9.0
623330,GROCERY I,1033,0,5.0
627263,GROCERY I,1026,0,4.0
627885,GROCERY I,1030,0,0.0
627887,GROCERY I,1030,0,0.0
636846,GROCERY I,1028,0,4.0
637016,GROCERY I,1078,0,4.0
638296,GROCERY I,1062,0,0.0
638308,GROCERY I,1062,0,0.0
638327,GROCERY I,1084,0,1.0
638977,GROCERY I,1045,0,3.0
638978,GROCERY I,1045,0,3.0
639586,GROCERY I,1004,0,6.0
641042,GROCERY I,1026,0,4.0
641627,GROCERY I,1002,0,0.0
645294,GROCERY I,1074,0,4.0
651326,GROCERY I,1036,0,4.0
651523,GROCERY I,1004,0,6.0
651525,GROCERY I,1004,0,6.0
655749,GROCERY I,1096,0,4.0
657869,GROCERY I,1004,0,6.0
660502,GROCERY I,1004,0,6.0
663084,GROCERY I,1004,0,6.0
664537,GROCERY I,1026,0,4.0
673306,GROCERY I,1072,0,8.0
683720,GROCERY I,1062,0,0.0
683721,GROCERY I,1062,0,0.0
683722,GROCERY I,1062,0,0.0
683723,GROCERY I,1062,0,0.0
687549,GROCERY I,1062,0,0.0
692531,GROCERY I,1040,0,6.0
692537,GROCERY I,1040,0,6.0
698642,GROCERY I,1045,0,3.0
698643,GROCERY I,1045,0,3.0
700607,GROCERY I,1096,0,4.0
724003,GROCERY I,1026,0,4.0
724498,GROCERY I,1028,0,4.0
729337,GROCERY I,1027,0,5.0
740726,GROCERY I,1072,0,8.0
740728,GROCERY I,1072,0,8.0
740729,GROCERY I,1072,0,8.0
741922,GROCERY I,1028,0,4.0
749421,GROCERY I,1010,0,1.0
749720,GROCERY I,1010,0,1.0
749729,GROCERY I,1010,0,1.0
750855,GROCERY I,1062,0,0.0
750856,GROCERY I,1062,0,0.0
750857,GROCERY I,1062,0,0.0
752167,GROCERY I,1030,0,0.0
754103,GROCERY I,1072,0,8.0
757880,GROCERY I,1004,0,6.0
759694,GROCERY I,1070,0,1.0
764438,GROCERY I,1072,0,8.0
764439,GROCERY I,1072,0,8.0
765517,GROCERY I,1060,0,1.0
765518,GROCERY I,1060,0,1.0
765519,GROCERY I,1084,0,1.0
765520,GROCERY I,1084,0,1.0
767183,GROCERY I,1039,0,4.0
767184,GROCERY I,1039,0,4.0
770447,GROCERY I,1016,0,6.0
770449,GROCERY I,1016,0,6.0
770453,GROCERY I,1016,0,6.0
770456,GROCERY I,1016,0,6.0
770461,GROCERY I,1030,0,0.0
770511,GROCERY I,1062,0,0.0
776057,GROCERY I,1087,0,0.0
783243,GROCERY I,1016,0,6.0
794245,GROCERY I,1010,0,1.0
799461,GROCERY I,1060,0,1.0
802831,GROCERY I,1045,0,3.0
802832,GROCERY I,1045,0,3.0
802833,GROCERY I,1045,0,3.0
804503,GROCERY I,1004,0,6.0
804974,GROCERY I,1060,0,1.0
805321,GROCERY I,1060,0,1.0
805788,GROCERY I,1028,0,4.0
812735,GROCERY I,1004,0,6.0
813760,GROCERY I,1072,0,8.0
819194,GROCERY I,1002,0,0.0
819195,GROCERY I,1002,0,0.0
820645,GROCERY I,1004,0,6.0
827911,GROCERY I,1096,0,4.0
828204,GROCERY I,1060,0,1.0
829389,GROCERY I,1025,0,4.0
829658,GROCERY I,1034,0,4.0
830749,GROCERY I,1074,0,4.0
830797,GROCERY I,1074,0,4.0
830829,GROCERY I,1006,0,0.0
833644,GROCERY I,1034,0,4.0
838832,GROCERY I,1016,0,6.0
838842,GROCERY I,1028,0,4.0
838844,GROCERY I,1058,0,6.0
838875,GROCERY I,1042,0,1.0
841514,GROCERY I,1072,0,8.0
841570,GROCERY I,1070,0,1.0
841583,GROCERY I,1014,0,9.0
841841,GROCERY I,1072,0,8.0
841842,GROCERY I,1072,0,8.0
843459,GROCERY I,1060,0,1.0
843585,GROCERY I,1016,0,6.0
843607,GROCERY I,1042,0,1.0
843608,GROCERY I,1042,0,1.0
843609,GROCERY I,1042,0,1.0
843610,GROCERY I,1042,0,1.0
847569,GROCERY I,1062,0,0.0
847575,GROCERY I,1006,0,0.0
847863,GROCERY I,1058,0,6.0
848765,GROCERY I,1058,0,6.0
850333,GROCERY I,1084,0,1.0
850334,GROCERY I,1084,0,1.0
850460,GROCERY I,1008,0,4.0
856687,GROCERY I,1030,0,0.0
856688,GROCERY I,1030,0,0.0
859529,GROCERY I,1006,0,0.0
862454,GROCERY I,1088,0,6.0
864508,GROCERY I,1048,0,4.0
864510,GROCERY I,1048,0,4.0
864511,GROCERY I,1048,0,4.0
865155,GROCERY I,1058,0,6.0
868529,GROCERY I,1088,0,6.0
869837,GROCERY I,1034,0,4.0
871600,GROCERY I,1096,0,4.0
872306,GROCERY I,1034,0,4.0
872307,GROCERY I,1034,0,4.0
872308,GROCERY I,1034,0,4.0
872309,GROCERY I,1034,0,4.0
872310,GROCERY I,1034,0,4.0
872317,GROCERY I,1040,0,6.0
874593,GROCERY I,1016,0,6.0
874598,GROCERY I,1030,0,0.0
875604,GROCERY I,1026,0,4.0
876223,GROCERY I,1010,0,1.0
876224,GROCERY I,1010,0,1.0
876225,GROCERY I,1014,0,9.0
876226,GROCERY I,1014,0,9.0
876663,GROCERY I,1004,0,6.0
878715,GROCERY I,1040,0,6.0
881701,GROCERY I,1042,0,1.0
881910,GROCERY I,1042,0,1.0
881911,GROCERY I,1042,0,1.0
881912,GROCERY I,1042,0,1.0
885553,GROCERY I,1034,0,4.0
886396,GROCERY I,1042,0,1.0
886398,GROCERY I,1042,0,1.0
890213,GROCERY I,1026,0,4.0
890214,GROCERY I,1026,0,4.0
890215,GROCERY I,1026,0,4.0
890371,GROCERY I,1002,0,0.0
890372,GROCERY I,1002,0,0.0
890374,GROCERY I,1002,0,0.0
890375,GROCERY I,1002,0,0.0
890825,GROCERY I,1060,0,1.0
892076,GROCERY I,1010,0,1.0
902839,GROCERY I,1060,0,1.0
910928,GROCERY I,1034,0,4.0
911429,GROCERY I,1016,0,6.0
913964,GROCERY I,1036,0,4.0
913966,GROCERY I,1036,0,4.0
913967,GROCERY I,1036,0,4.0
913968,GROCERY I,1036,0,4.0
920607,GROCERY I,1092,0,4.0
926958,GROCERY I,1026,0,4.0
929627,GROCERY I,1045,0,3.0
929893,GROCERY I,1094,0,4.0
930247,GROCERY I,1006,0,0.0
933780,GROCERY I,1040,0,6.0
936341,GROCERY I,1045,0,3.0
936994,GROCERY I,1004,0,6.0
938566,GROCERY I,1042,0,1.0
938567,GROCERY I,1042,0,1.0
938570,GROCERY I,1042,0,1.0
938574,GROCERY I,1042,0,1.0
938575,GROCERY I,1042,0,1.0
938576,GROCERY I,1042,0,1.0
939661,GROCERY I,1045,0,3.0
939662,GROCERY I,1045,0,3.0
939663,GROCERY I,1045,0,3.0
949053,GROCERY I,1062,0,0.0
949510,GROCERY I,1062,0,0.0
949511,GROCERY I,1062,0,0.0
953420,GROCERY I,1028,0,4.0
953562,GROCERY I,1062,0,0.0
954796,GROCERY I,1094,0,4.0
954805,GROCERY I,1010,0,1.0
956011,GROCERY I,1064,0,0.0
956012,GROCERY I,1088,0,6.0
956013,GROCERY I,1088,0,6.0
956014,GROCERY I,1088,0,6.0
964752,GROCERY I,1088,0,6.0
964753,GROCERY I,1088,0,6.0
981655,GROCERY I,1002,0,0.0
985823,GROCERY I,1076,0,8.0
985824,GROCERY I,1062,0,0.0
987308,GROCERY I,1076,0,8.0
988408,GROCERY I,1076,0,8.0
989092,GROCERY I,1076,0,8.0
991329,GROCERY I,1004,0,6.0
991331,GROCERY I,1004,0,6.0
996537,GROCERY I,1088,0,6.0
996597,GROCERY I,1042,0,1.0
996600,GROCERY I,1042,0,1.0
1000866,GROCERY I,1074,0,4.0
1001305,GROCERY I,1016,0,6.0
1003679,GROCERY I,1028,0,4.0
1009539,GROCERY I,1040,0,6.0
1009946,GROCERY I,1036,0,4.0
1010752,GROCERY I,1036,0,4.0
1010755,GROCERY I,1036,0,4.0
1010757,GROCERY I,1036,0,4.0
1012787,GROCERY I,1012,0,1.0
1012788,GROCERY I,1012,0,1.0
1018516,GROCERY I,1030,0,0.0
1018617,GROCERY I,1086,0,4.0
1021676,GROCERY I,1040,0,6.0
1036689,GROCERY I,1040,0,6.0
1037845,GROCERY I,1022,0,2.0
1037846,GROCERY I,1022,0,2.0
1040348,GROCERY I,1034,0,4.0
1046272,GROCERY I,1072,0,8.0
1052563,GROCERY I,1040,0,6.0
1053943,GROCERY I,1036,0,4.0
1053944,GROCERY I,1036,0,4.0
1053945,GROCERY I,1036,0,4.0
1054129,GROCERY I,1002,0,0.0
1057033,GROCERY I,1040,0,6.0
1057034,GROCERY I,1040,0,6.0
1062338,GROCERY I,1026,0,4.0
1064018,GROCERY I,1078,0,4.0
1070962,GROCERY I,1026,0,4.0
1075283,GROCERY I,1030,0,0.0
1076065,GROCERY I,1003,0,1.0
1076066,GROCERY I,1003,0,1.0
1076155,GROCERY I,1010,0,1.0
1076335,GROCERY I,1086,0,4.0
1078288,GROCERY I,1004,0,6.0
1080021,GROCERY I,1022,0,2.0
1080756,GROCERY I,1038,0,4.0
1081359,GROCERY I,1088,0,6.0
1082042,GROCERY I,1040,0,6.0
1082391,GROCERY I,1040,0,6.0
1083517,GROCERY I,1048,0,4.0
1083518,GROCERY I,1048,0,4.0
1084417,GROCERY I,1048,0,4.0
1084436,GROCERY I,1074,0,4.0
1084437,GROCERY I,1074,0,4.0
1084881,GROCERY I,1040,0,6.0
1084882,GROCERY I,1040,0,6.0
1086172,GROCERY I,1029,0,5.0
1089079,GROCERY I,1034,0,4.0
1089820,GROCERY I,1002,0,0.0
1091333,GROCERY I,1028,0,4.0
1091365,GROCERY I,1016,0,6.0
1091366,GROCERY I,1016,0,6.0
1091367,GROCERY I,1016,0,6.0
1091368,GROCERY I,1016,0,6.0
1091369,GROCERY I,1016,0,6.0
1091370,GROCERY I,1016,0,6.0
1093340,GROCERY I,1093,0,0.0
1093344,GROCERY I,1093,0,0.0
1093786,GROCERY I,1004,0,6.0
1094235,GROCERY I,1028,0,4.0
1094238,GROCERY I,1048,0,4.0
1097187,GROCERY I,1042,0,1.0
1099990,GROCERY I,1030,0,0.0
1105210,GROCERY I,1074,0,4.0
1105211,GROCERY I,1074,0,4.0
1105212,GROCERY I,1074,0,4.0
1105213,GROCERY I,1074,0,4.0
1105214,GROCERY I,1074,0,4.0
1105215,GROCERY I,1074,0,4.0
1105228,GROCERY I,1074,0,4.0
1105299,GROCERY I,1074,0,4.0
1105831,GROCERY I,1092,0,4.0
1109389,GROCERY I,1034,0,4.0
1109390,GROCERY I,1034,0,4.0
1109391,GROCERY I,1034,0,4.0
1113872,GROCERY I,1045,0,3.0
1116113,GROCERY I,1004,0,6.0
1116370,GROCERY I,1002,0,0.0
1117663,GROCERY I,1034,0,4.0
1118775,GROCERY I,1028,0,4.0
1123722,GROCERY I,1060,0,1.0
1127860,GROCERY I,1026,0,4.0
1135438,GROCERY I,1034,0,4.0
1136979,GROCERY I,1030,0,0.0
1137146,GROCERY I,1074,0,4.0
1141956,GROCERY I,1088,0,6.0
1143691,GROCERY I,1040,0,6.0
1145374,GROCERY I,1026,0,4.0
1146783,GROCERY I,1040,0,6.0
1146784,GROCERY I,1040,0,6.0
1146785,GROCERY I,1040,0,6.0
1146786,GROCERY I,1040,0,6.0
1146787,GROCERY I,1040,0,6.0
1146795,GROCERY I,1040,0,6.0
1146796,GROCERY I,1040,0,6.0
1146797,GROCERY I,1040,0,6.0
1146799,GROCERY I,1040,0,6.0
1146800,GROCERY I,1040,0,6.0
1146801,GROCERY I,1040,0,6.0
1146802,GROCERY I,1040,0,6.0
1146803,GROCERY I,1040,0,6.0
1146804,GROCERY I,1040,0,6.0
1146974,GROCERY I,1040,0,6.0
1147495,GROCERY I,1002,0,0.0
1148719,GROCERY I,1032,0,4.0
1148753,GROCERY I,1030,0,0.0
1148971,GROCERY I,1076,0,8.0
1148972,GROCERY I,1036,0,4.0
1151128,GROCERY I,1038,0,4.0
1153597,GROCERY I,1078,0,4.0
1154749,GROCERY I,1034,0,4.0
1156722,GROCERY I,1028,0,4.0
1156724,GROCERY I,1028,0,4.0
1157329,GROCERY I,1022,0,2.0
1157462,GROCERY I,1040,0,6.0
1157561,GROCERY I,1040,0,6.0
1157562,GROCERY I,1040,0,6.0
1157564,GROCERY I,1040,0,6.0
1157685,GROCERY I,1040,0,6.0
1157699,GROCERY I,1040,0,6.0
1158719,GROCERY I,1040,0,6.0
1158720,GROCERY I,1040,0,6.0
1159413,GROCERY I,1040,0,6.0
1159414,GROCERY I,1040,0,6.0
1159415,GROCERY I,1040,0,6.0
1159726,GROCERY I,1076,0,8.0
1159728,GROCERY I,1076,0,8.0
1160752,GROCERY I,1036,0,4.0
1160754,GROCERY I,1078,0,4.0
1160796,GROCERY I,1072,0,8.0
1160872,GROCERY I,1076,0,8.0
1160873,GROCERY I,1076,0,8.0
1160882,GROCERY I,1080,0,7.0
1161046,GROCERY I,1034,0,4.0
1161571,GROCERY I,1022,0,2.0
1161572,GROCERY I,1040,0,6.0
1162382,GROCERY I,1022,0,2.0
1162932,GROCERY I,1034,0,4.0
1162933,GROCERY I,1034,0,4.0
1162934,GROCERY I,1034,0,4.0
1162935,GROCERY I,1034,0,4.0
1163583,GROCERY I,1077,0,1.0
1165987,GROCERY I,1028,0,4.0
1165988,GROCERY I,1028,0,4.0
1165989,GROCERY I,1028,0,4.0
1166036,GROCERY I,1016,0,6.0
1166478,GROCERY I,1028,0,4.0
1167175,GROCERY I,1016,0,6.0
1167487,GROCERY I,1025,0,4.0
1167754,GROCERY I,1034,0,4.0
1168717,GROCERY I,1026,0,4.0
1168718,GROCERY I,1026,0,4.0
1171142,GROCERY I,1028,0,4.0
1173853,GROCERY I,1040,0,6.0
1174923,GROCERY I,1074,0,4.0
1175993,GROCERY I,1033,0,5.0
1176558,GROCERY I,1026,0,4.0
1176559,GROCERY I,1026,0,4.0
1176560,GROCERY I,1026,0,4.0
1176561,GROCERY I,1026,0,4.0
1176562,GROCERY I,1026,0,4.0
1177984,GROCERY I,1002,0,0.0
1178687,GROCERY I,1026,0,4.0
1179109,GROCERY I,1040,0,6.0
1209718,GROCERY I,1042,0,1.0
1209719,GROCERY I,1042,0,1.0
1209720,GROCERY I,1042,0,1.0
1209721,GROCERY I,1042,0,1.0
1221045,GROCERY I,1010,0,1.0
1224495,GROCERY I,1016,0,6.0
1225768,GROCERY I,1016,0,6.0
1225769,GROCERY I,1016,0,6.0
1225770,GROCERY I,1016,0,6.0
1225771,GROCERY I,1016,0,6.0
1226920,GROCERY I,1028,0,4.0
1228312,GROCERY I,1028,0,4.0
1228320,GROCERY I,1088,0,6.0
1228321,GROCERY I,1088,0,6.0
1234340,GROCERY I,1028,0,4.0
1235251,GROCERY I,1034,0,4.0
1235334,GROCERY I,1028,0,4.0
1235364,GROCERY I,1092,0,4.0
1235365,GROCERY I,1092,0,4.0
1237005,GROCERY I,1036,0,4.0
1237410,GROCERY I,1034,0,4.0
1239294,GROCERY I,1002,0,0.0
1242666,GROCERY I,1094,0,4.0
1242667,GROCERY I,1094,0,4.0
1242670,GROCERY I,1094,0,4.0
1245918,GROCERY I,1088,0,6.0
1246493,GROCERY I,1016,0,6.0
1246495,GROCERY I,1016,0,6.0
1246498,GROCERY I,1016,0,6.0
1246757,GROCERY I,1074,0,4.0
1246758,GROCERY I,1074,0,4.0
1246784,GROCERY I,1074,0,4.0
1246785,GROCERY I,1074,0,4.0
1248391,GROCERY I,1096,0,4.0
1248394,GROCERY I,1096,0,4.0
1248464,GROCERY I,1088,0,6.0
1250226,GROCERY I,1028,0,4.0
1253470,GROCERY I,1030,0,0.0
1259952,GROCERY I,1030,0,0.0
1260241,GROCERY I,1058,0,6.0
1260242,GROCERY I,1058,0,6.0
1261376,GROCERY I,1058,0,6.0
1281253,GROCERY I,1056,0,4.0
1282047,GROCERY I,1002,0,0.0
1284221,GROCERY I,1084,0,1.0
1289417,GROCERY I,1002,0,0.0
1289418,GROCERY I,1002,0,0.0
1300325,GROCERY I,1039,0,4.0
1304488,GROCERY I,1026,0,4.0
1304490,GROCERY I,1026,0,4.0
1304491,GROCERY I,1026,0,4.0
1309672,GROCERY I,1045,0,3.0
1312957,GROCERY I,1040,0,6.0
1314409,GROCERY I,1039,0,4.0
1316369,GROCERY I,1026,0,4.0
1317094,GROCERY I,1026,0,4.0
1317095,GROCERY I,1026,0,4.0
1317096,GROCERY I,1026,0,4.0
1320708,GROCERY I,1072,0,8.0
1320857,GROCERY I,1010,0,1.0
1321336,GROCERY I,1012,0,1.0
1322479,GROCERY I,1016,0,6.0
1323422,GROCERY I,1003,0,1.0
1324174,GROCERY I,1010,0,1.0
1324591,GROCERY I,1074,0,4.0
1324667,GROCERY I,1094,0,4.0
1324668,GROCERY I,1094,0,4.0
1324670,GROCERY I,1094,0,4.0
1325362,GROCERY I,1084,0,1.0
1328340,GROCERY I,1078,0,4.0
1333224,GROCERY I,1040,0,6.0
1333225,GROCERY I,1040,0,6.0
1333994,GROCERY I,1040,0,6.0
1334068,GROCERY I,1028,0,4.0
1334074,GROCERY I,1044,0,4.0
1339795,GROCERY I,1028,0,4.0
1342003,GROCERY I,1014,0,9.0
1342006,GROCERY I,1014,0,9.0
1342007,GROCERY I,1014,0,9.0
1342008,GROCERY I,1014,0,9.0
1342009,GROCERY I,1014,0,9.0
1344755,GROCERY I,1012,0,1.0
1345067,GROCERY I,1030,0,0.0
1345068,GROCERY I,1030,0,0.0
1345070,GROCERY I,1030,0,0.0
1345071,GROCERY I,1030,0,0.0
1345072,GROCERY I,1030,0,0.0
1345981,GROCERY I,1072,0,8.0
1346621,GROCERY I,1078,0,4.0
1346624,GROCERY I,1096,0,4.0
1347810,GROCERY I,1040,0,6.0
1347811,GROCERY I,1040,0,6.0
1347977,GROCERY I,1024,0,4.0
1348510,GROCERY I,1034,0,4.0
1348983,GROCERY I,1080,0,7.0
1349806,GROCERY I,1030,0,0.0
1349807,GROCERY I,1030,0,0.0
1349808,GROCERY I,1030,0,0.0
1351227,GROCERY I,1040,0,6.0
1351305,GROCERY I,1042,0,1.0
1353191,GROCERY I,1088,0,6.0
1354380,GROCERY I,1042,0,1.0
1354381,GROCERY I,1042,0,1.0
1354382,GROCERY I,1042,0,1.0
1354383,GROCERY I,1042,0,1.0
1354384,GROCERY I,1042,0,1.0
1354385,GROCERY I,1042,0,1.0
1354386,GROCERY I,1042,0,1.0
1354387,GROCERY I,1042,0,1.0
1354388,GROCERY I,1042,0,1.0
1354389,GROCERY I,1042,0,1.0
1354390,GROCERY I,1042,0,1.0
1354711,GROCERY I,1016,0,6.0
1354712,GROCERY I,1016,0,6.0
1354713,GROCERY I,1016,0,6.0
1354714,GROCERY I,1016,0,6.0
1354719,GROCERY I,1016,0,6.0
1363877,GROCERY I,1014,0,9.0
1363878,GROCERY I,1014,0,9.0
1372326,GROCERY I,1062,0,0.0
1386220,GROCERY I,1030,0,0.0
1390351,GROCERY I,1040,0,6.0
1390352,GROCERY I,1040,0,6.0
1390405,GROCERY I,1036,0,4.0
1391408,GROCERY I,1046,0,4.0
1391548,GROCERY I,1076,0,8.0
1391549,GROCERY I,1076,0,8.0
1393047,GROCERY I,1040,0,6.0
1395693,GROCERY I,1028,0,4.0
1397779,GROCERY I,1030,0,0.0
1397797,GROCERY I,1016,0,6.0
1397802,GROCERY I,1016,0,6.0
1403463,GROCERY I,1080,0,7.0
1403464,GROCERY I,1080,0,7.0
1410792,GROCERY I,1026,0,4.0
1411065,GROCERY I,1030,0,0.0
1417148,GROCERY I,1076,0,8.0
1417154,GROCERY I,1028,0,4.0
1417697,GROCERY I,1042,0,1.0
1418022,GROCERY I,1026,0,4.0
1418842,GROCERY I,1004,0,6.0
1418844,GROCERY I,1004,0,6.0
1418845,GROCERY I,1004,0,6.0
1418846,GROCERY I,1004,0,6.0
1418847,GROCERY I,1004,0,6.0
1421438,GROCERY I,1016,0,6.0
1422036,GROCERY I,1086,0,4.0
1422284,GROCERY I,1086,0,4.0
1422849,GROCERY I,1072,0,8.0
1426023,GROCERY I,1072,0,8.0
1441468,GROCERY I,1062,0,0.0
1441513,GROCERY I,1008,0,4.0
1441514,GROCERY I,1008,0,4.0
1441515,GROCERY I,1008,0,4.0
1441516,GROCERY I,1008,0,4.0
1441517,GROCERY I,1008,0,4.0
1441817,GROCERY I,1084,0,1.0
1444597,GROCERY I,1008,0,4.0
1444598,GROCERY I,1008,0,4.0
1444615,GROCERY I,1094,0,4.0
1445281,GROCERY I,1040,0,6.0
1449645,GROCERY I,1074,0,4.0
1457518,GROCERY I,1008,0,4.0
1457834,GROCERY I,1074,0,4.0
1457835,GROCERY I,1074,0,4.0
1458329,GROCERY I,1062,0,0.0
1458461,GROCERY I,1030,0,0.0
1459058,GROCERY I,1022,0,2.0
1459692,GROCERY I,1040,0,6.0
1459697,GROCERY I,1040,0,6.0
1463437,GROCERY I,1072,0,8.0
1463451,GROCERY I,1028,0,4.0
1464469,GROCERY I,1026,0,4.0
1466826,GROCERY I,1048,0,4.0
1466827,GROCERY I,1048,0,4.0
1467088,GROCERY I,1087,0,0.0
1467093,GROCERY I,1093,0,0.0
1471143,GROCERY I,1092,0,4.0
1472433,GROCERY I,1074,0,4.0
1898998,GROCERY I,1028,0,4.0
1899450,GROCERY I,1026,0,4.0
1905638,GROCERY I,1028,0,4.0
1905639,GROCERY I,1028,0,4.0
1906821,GROCERY I,1086,0,4.0
1909699,GROCERY I,1088,0,6.0
1909708,GROCERY I,1044,0,4.0
1910055,GROCERY I,1092,0,4.0
1911102,GROCERY I,1074,0,4.0
1912671,GROCERY I,1062,0,0.0
1913813,GROCERY I,1024,0,4.0
1914276,GROCERY I,1060,0,1.0
1914367,GROCERY I,1092,0,4.0
1915102,GROCERY I,1044,0,4.0
1916208,GROCERY I,1026,0,4.0
1916209,GROCERY I,1026,0,4.0
1919933,GROCERY I,1016,0,6.0
1919935,GROCERY I,1016,0,6.0
1919937,GROCERY I,1016,0,6.0
1919977,GROCERY I,1016,0,6.0
1920016,GROCERY I,1016,0,6.0
1920035,GROCERY I,1016,0,6.0
1920045,GROCERY I,1016,0,6.0
1920046,GROCERY I,1016,0,6.0
1920057,GROCERY I,1016,0,6.0
1920059,GROCERY I,1016,0,6.0
1920067,GROCERY I,1016,0,6.0
1920069,GROCERY I,1016,0,6.0
1920071,GROCERY I,1016,0,6.0
1920072,GROCERY I,1016,0,6.0
1920080,GROCERY I,1016,0,6.0
1920084,GROCERY I,1016,0,6.0
1920095,GROCERY I,1016,0,6.0
1920096,GROCERY I,1016,0,6.0
1920107,GROCERY I,1016,0,6.0
1920117,GROCERY I,1016,0,6.0
1920141,GROCERY I,1016,0,6.0
1920145,GROCERY I,1016,0,6.0
1920863,GROCERY I,1006,0,0.0
1923218,GROCERY I,1034,0,4.0
1929795,GROCERY I,1016,0,6.0
1929797,GROCERY I,1016,0,6.0
1930065,GROCERY I,1028,0,4.0
1930967,GROCERY I,1004,0,6.0
1933240,GROCERY I,1076,0,8.0
1935601,GROCERY I,1004,0,6.0
1936173,GROCERY I,1004,0,6.0
1936510,GROCERY I,1074,0,4.0
1936589,GROCERY I,1034,0,4.0
1936629,GROCERY I,1034,0,4.0
1937350,GROCERY I,1002,0,0.0
1937443,GROCERY I,1002,0,0.0
1937608,GROCERY I,1034,0,4.0
1937611,GROCERY I,1034,0,4.0
1937662,GROCERY I,1034,0,4.0
1946311,GROCERY I,1036,0,4.0
1946325,GROCERY I,1026,0,4.0
1946668,GROCERY I,1016,0,6.0
1948305,GROCERY I,1074,0,4.0
1948632,GROCERY I,1012,0,1.0
1949872,GROCERY I,1016,0,6.0
1949898,GROCERY I,1026,0,4.0
1950263,GROCERY I,1030,0,0.0
1950658,GROCERY I,1096,0,4.0
1950890,GROCERY I,1076,0,8.0
1954510,GROCERY I,1072,0,8.0
1955347,GROCERY I,1030,0,0.0
1956004,GROCERY I,1076,0,8.0
1956479,GROCERY I,1026,0,4.0
1956622,GROCERY I,1018,0,5.0
1957773,GROCERY I,1003,0,1.0
1958262,GROCERY I,1042,0,1.0
1958268,GROCERY I,1042,0,1.0
1960304,GROCERY I,1032,0,4.0
1961595,GROCERY I,1016,0,6.0
1963540,GROCERY I,1040,0,6.0
1963811,GROCERY I,1040,0,6.0
1963892,GROCERY I,1040,0,6.0
1963919,GROCERY I,1002,0,0.0
1965343,GROCERY I,1032,0,4.0
1965457,GROCERY I,1074,0,4.0
1965853,GROCERY I,1016,0,6.0
1965878,GROCERY I,1016,0,6.0
1965978,GROCERY I,1016,0,6.0
1967038,GROCERY I,1016,0,6.0
1967150,GROCERY I,1040,0,6.0
1967566,GROCERY I,1040,0,6.0
1967642,GROCERY I,1044,0,4.0
1967660,GROCERY I,1044,0,4.0
1967914,GROCERY I,1048,0,4.0
1968073,GROCERY I,1066,0,1.0
1969675,GROCERY I,1030,0,0.0
1969929,GROCERY I,1034,0,4.0
1970207,GROCERY I,1074,0,4.0
1970428,GROCERY I,1026,0,4.0
1973606,GROCERY I,1026,0,4.0
1974931,GROCERY I,1092,0,4.0
1975439,GROCERY I,1034,0,4.0
1975468,GROCERY I,1034,0,4.0
1975512,GROCERY I,1034,0,4.0
1975514,GROCERY I,1034,0,4.0
1975527,GROCERY I,1034,0,4.0
1975558,GROCERY I,1034,0,4.0
1975562,GROCERY I,1034,0,4.0
1975571,GROCERY I,1034,0,4.0
1975578,GROCERY I,1034,0,4.0
1975584,GROCERY I,1034,0,4.0
1975598,GROCERY I,1034,0,4.0
1975602,GROCERY I,1089,0,5.0
1975649,GROCERY I,1022,0,2.0
1975680,GROCERY I,1034,0,4.0
1975686,GROCERY I,1016,0,6.0
1975715,GROCERY I,1034,0,4.0
1976342,GROCERY I,1040,0,6.0
1977218,GROCERY I,1034,0,4.0
1979200,GROCERY I,1044,0,4.0
1980816,GROCERY I,1016,0,6.0
1981370,GROCERY I,1042,0,1.0
1981607,GROCERY I,1014,0,9.0
1982059,GROCERY I,1040,0,6.0
1987120,GROCERY I,1040,0,6.0
1987152,GROCERY I,1040,0,6.0
1987263,GROCERY I,1040,0,6.0
1987383,GROCERY I,1016,0,6.0
1987709,GROCERY I,1016,0,6.0
1988902,GROCERY I,1002,0,0.0
1989346,GROCERY I,1030,0,0.0
1991151,GROCERY I,1048,0,4.0
1991217,GROCERY I,1056,0,4.0
1991561,GROCERY I,1062,0,0.0
1992672,GROCERY I,1034,0,4.0
1993077,GROCERY I,1040,0,6.0
1993195,GROCERY I,1040,0,6.0
1994863,GROCERY I,1072,0,8.0
1994926,GROCERY I,1086,0,4.0
1994941,GROCERY I,1030,0,0.0
1997322,GROCERY I,1042,0,1.0
1997976,GROCERY I,1074,0,4.0
1998078,GROCERY I,1040,0,6.0
1999114,GROCERY I,1070,0,1.0
2001632,GROCERY I,1054,0,4.0
2002412,GROCERY I,1014,0,9.0
2002469,GROCERY I,1014,0,9.0
2002703,GROCERY I,1042,0,1.0
2002963,GROCERY I,1076,0,8.0
2003375,GROCERY I,1036,0,4.0
2003389,GROCERY I,1036,0,4.0
2003409,GROCERY I,1036,0,4.0
2004754,GROCERY I,1040,0,6.0
2005057,GROCERY I,1040,0,6.0
2005335,GROCERY I,1016,0,6.0
2005613,GROCERY I,1004,0,6.0
2005877,GROCERY I,1016,0,6.0
2005984,GROCERY I,1016,0,6.0
2006089,GROCERY I,1076,0,8.0
2006310,GROCERY I,1026,0,4.0
2006630,GROCERY I,1076,0,8.0
2009827,GROCERY I,1028,0,4.0
2010082,GROCERY I,1076,0,8.0
2010125,GROCERY I,1052,0,0.0
2010127,GROCERY I,1072,0,8.0
2010192,GROCERY I,1082,0,0.0
2010216,GROCERY I,1032,0,4.0
2010233,GROCERY I,1050,0,0.0
2010260,GROCERY I,1068,0,0.0
2010269,GROCERY I,1082,0,0.0
2010278,GROCERY I,1032,0,4.0
2010282,GROCERY I,1068,0,0.0
2010290,GROCERY I,1068,0,0.0
2010329,GROCERY I,1072,0,8.0
2010356,GROCERY I,1032,0,4.0
2010359,GROCERY I,1068,0,0.0
2010370,GROCERY I,1072,0,8.0
2010379,GROCERY I,1052,0,0.0
2010404,GROCERY I,1072,0,8.0
2010419,GROCERY I,1072,0,8.0
2010428,GROCERY I,1032,0,4.0
2010444,GROCERY I,1068,0,0.0
2010456,GROCERY I,1052,0,0.0
2010487,GROCERY I,1052,0,0.0
2010498,GROCERY I,1052,0,0.0
2010511,GROCERY I,1032,0,4.0
2010519,GROCERY I,1068,0,0.0
2010568,GROCERY I,1072,0,8.0
2010574,GROCERY I,1082,0,0.0
2010598,GROCERY I,1050,0,0.0
2010615,GROCERY I,1032,0,4.0
2010652,GROCERY I,1032,0,4.0
2010667,GROCERY I,1072,0,8.0
2010676,GROCERY I,1072,0,8.0
2010693,GROCERY I,1072,0,8.0
2010702,GROCERY I,1052,0,0.0
2010743,GROCERY I,1032,0,4.0
2010756,GROCERY I,1032,0,4.0
2010762,GROCERY I,1032,0,4.0
2010766,GROCERY I,1072,0,8.0
2010779,GROCERY I,1032,0,4.0
2010786,GROCERY I,1050,0,0.0
2010793,GROCERY I,1032,0,4.0
2010880,GROCERY I,1032,0,4.0
2010885,GROCERY I,1094,0,4.0
2010902,GROCERY I,1072,0,8.0
2010913,GROCERY I,1082,0,0.0
2010916,GROCERY I,1032,0,4.0
2010918,GROCERY I,1032,0,4.0
2010945,GROCERY I,1068,0,0.0
2010959,GROCERY I,1050,0,0.0
2010964,GROCERY I,1050,0,0.0
2010989,GROCERY I,1068,0,0.0
2011008,GROCERY I,1032,0,4.0
2011073,GROCERY I,1032,0,4.0
2011080,GROCERY I,1072,0,8.0
2011105,GROCERY I,1082,0,0.0
2011110,GROCERY I,1052,0,0.0
2011114,GROCERY I,1032,0,4.0
2011127,GROCERY I,1068,0,0.0
2011148,GROCERY I,1068,0,0.0
2011153,GROCERY I,1052,0,0.0
2011155,GROCERY I,1032,0,4.0
2011200,GROCERY I,1032,0,4.0
2011208,GROCERY I,1050,0,0.0
2011211,GROCERY I,1032,0,4.0
2011218,GROCERY I,1082,0,0.0
2011220,GROCERY I,1032,0,4.0
2011225,GROCERY I,1032,0,4.0
2011243,GROCERY I,1032,0,4.0
2011259,GROCERY I,1032,0,4.0
2011266,GROCERY I,1050,0,0.0
2011328,GROCERY I,1072,0,8.0
2011329,GROCERY I,1083,0,6.0
2011346,GROCERY I,1068,0,0.0
2011399,GROCERY I,1050,0,0.0
2011401,GROCERY I,1068,0,0.0
2011437,GROCERY I,1063,0,0.0
2011448,GROCERY I,1063,0,0.0
2011449,GROCERY I,1052,0,0.0
2011450,GROCERY I,1035,0,0.0
2011451,GROCERY I,1063,0,0.0
2011457,GROCERY I,1063,0,0.0
2011459,GROCERY I,1063,0,0.0
2011463,GROCERY I,1052,0,0.0
2011468,GROCERY I,1063,0,0.0
2011470,GROCERY I,1063,0,0.0
2011471,GROCERY I,1027,0,5.0
2011872,GROCERY I,1084,0,1.0
2011910,GROCERY I,1074,0,4.0
2012576,GROCERY I,1042,0,1.0
2012591,GROCERY I,1042,0,1.0
2013621,GROCERY I,1010,0,1.0
2013651,GROCERY I,1010,0,1.0
2013674,GROCERY I,1010,0,1.0
2014922,GROCERY I,1002,0,0.0
2015628,GROCERY I,1077,0,1.0
2015820,GROCERY I,1077,0,1.0
2016362,GROCERY I,1040,0,6.0
2016795,GROCERY I,1008,0,4.0
2016864,GROCERY I,1040,0,6.0
2017343,GROCERY I,1026,0,4.0
2019084,GROCERY I,1028,0,4.0
2026312,GROCERY I,1016,0,6.0
2026369,GROCERY I,1072,0,8.0
2026444,GROCERY I,1034,0,4.0
2026454,GROCERY I,1034,0,4.0
2026501,GROCERY I,1034,0,4.0
2026597,GROCERY I,1060,0,1.0
2026609,GROCERY I,1034,0,4.0
2026631,GROCERY I,1060,0,1.0
2026650,GROCERY I,1034,0,4.0
2026683,GROCERY I,1034,0,4.0
2026801,GROCERY I,1060,0,1.0
2026858,GROCERY I,1034,0,4.0
2026893,GROCERY I,1034,0,4.0
2026945,GROCERY I,1034,0,4.0
2026959,GROCERY I,1034,0,4.0
2026983,GROCERY I,1034,0,4.0
2027090,GROCERY I,1060,0,1.0
2027203,GROCERY I,1034,0,4.0
2027252,GROCERY I,1034,0,4.0
2028983,GROCERY I,1010,0,1.0
2030002,GROCERY I,1006,0,0.0
2030822,GROCERY I,1040,0,6.0
2031325,GROCERY I,1040,0,6.0
2033992,GROCERY I,1033,0,5.0
2034212,GROCERY I,1016,0,6.0
2035258,GROCERY I,1086,0,4.0
2036676,GROCERY I,1040,0,6.0
2040614,GROCERY I,1041,0,5.0
2042314,GROCERY I,1030,0,0.0
2043261,GROCERY I,1094,0,4.0
2043559,GROCERY I,1078,0,4.0
2045493,GROCERY I,1028,0,4.0
2045533,GROCERY I,1075,0,0.0
2046260,GROCERY I,1026,0,4.0
2047495,GROCERY I,1042,0,1.0
2048113,GROCERY I,1016,0,6.0
2048139,GROCERY I,1016,0,6.0
2048141,GROCERY I,1016,0,6.0
2048163,GROCERY I,1016,0,6.0
2048164,GROCERY I,1016,0,6.0
2048182,GROCERY I,1016,0,6.0
2048193,GROCERY I,1016,0,6.0
2048242,GROCERY I,1016,0,6.0
2048246,GROCERY I,1016,0,6.0
2048248,GROCERY I,1016,0,6.0
2048271,GROCERY I,1016,0,6.0
2048279,GROCERY I,1016,0,6.0
2048300,GROCERY I,1016,0,6.0
2048313,GROCERY I,1016,0,6.0
2048323,GROCERY I,1016,0,6.0
2048362,GROCERY I,1016,0,6.0
2048374,GROCERY I,1016,0,6.0
2048381,GROCERY I,1016,0,6.0
2048399,GROCERY I,1016,0,6.0
2048406,GROCERY I,1016,0,6.0
2048421,GROCERY I,1016,0,6.0
2048471,GROCERY I,1016,0,6.0
2048515,GROCERY I,1016,0,6.0
2048546,GROCERY I,1016,0,6.0
2048596,GROCERY I,1016,0,6.0
2048609,GROCERY I,1016,0,6.0
2048624,GROCERY I,1016,0,6.0
2048633,GROCERY I,1016,0,6.0
2048674,GROCERY I,1016,0,6.0
2049304,GROCERY I,1035,0,0.0
2052563,GROCERY I,1016,0,6.0
2053415,GROCERY I,1082,0,0.0
2054300,GROCERY I,1040,0,6.0
2056557,GROCERY I,1004,0,6.0
2057762,GROCERY I,1028,0,4.0
2058362,GROCERY I,1052,0,0.0
2061781,GROCERY I,1074,0,4.0
2067056,GROCERY I,1016,0,6.0
2067123,GROCERY I,1008,0,4.0
2067333,GROCERY I,1036,0,4.0
2068536,GROCERY I,1028,0,4.0
2075733,GROCERY I,1068,0,0.0
2076761,GROCERY I,1068,0,0.0
2088860,GROCERY I,1006,0,0.0
2088922,GROCERY I,1076,0,8.0
2088946,GROCERY I,1026,0,4.0
2089036,GROCERY I,1034,0,4.0
2089224,GROCERY I,1026,0,4.0
2089276,GROCERY I,1006,0,0.0
2089339,GROCERY I,1006,0,0.0
2108569,GROCERY I,1086,0,4.0
2108843,GROCERY I,1086,0,4.0
2109909,GROCERY I,1074,0,4.0
2109969,GROCERY I,1060,0,1.0
2112461,GROCERY I,1030,0,0.0
2112462,GROCERY I,1030,0,0.0
2114566,GROCERY I,1034,0,4.0
2114752,GROCERY I,1034,0,4.0
2116139,GROCERY I,1068,0,0.0
2116416,GROCERY I,1060,0,1.0
2118662,GROCERY I,1010,0,1.0
2120180,GROCERY I,1006,0,0.0
2120216,GROCERY I,1006,0,0.0
2120506,GROCERY I,1040,0,6.0
2120681,GROCERY I,1028,0,4.0
2120723,GROCERY I,1068,0,0.0
2120768,GROCERY I,1040,0,6.0
2121610,GROCERY I,1036,0,4.0
2121690,GROCERY I,1036,0,4.0
2122188,GROCERY I,1084,0,1.0
2122868,GROCERY I,1088,0,6.0
2123410,GROCERY I,1012,0,1.0
2123463,GROCERY I,1076,0,8.0
2123468,GROCERY I,1068,0,0.0
2123727,GROCERY I,1028,0,4.0
2123747,GROCERY I,1022,0,2.0
2123750,GROCERY I,1008,0,4.0
2123775,GROCERY I,1030,0,0.0
2123791,GROCERY I,1068,0,0.0
2124705,GROCERY I,1040,0,6.0
2125814,GROCERY I,1042,0,1.0
2126842,GROCERY I,1030,0,0.0
2127175,GROCERY I,1026,0,4.0
2127206,GROCERY I,1040,0,6.0
2127544,GROCERY I,1040,0,6.0
2127651,GROCERY I,1068,0,0.0
2127733,GROCERY I,1068,0,0.0
2127921,GROCERY I,1028,0,4.0
2127992,GROCERY I,1028,0,4.0
2129334,GROCERY I,1086,0,4.0
2129350,GROCERY I,1086,0,4.0
2129387,GROCERY I,1068,0,0.0
2129515,GROCERY I,1042,0,1.0
2129678,GROCERY I,1030,0,0.0
2129786,GROCERY I,1016,0,6.0
2129790,GROCERY I,1094,0,4.0
2129892,GROCERY I,1092,0,4.0
2129994,GROCERY I,1092,0,4.0
2130131,GROCERY I,1092,0,4.0
2130219,GROCERY I,1094,0,4.0
2130265,GROCERY I,1094,0,4.0
2130352,GROCERY I,1094,0,4.0
2130474,GROCERY I,1064,0,0.0
2130521,GROCERY I,1040,0,6.0
2130526,GROCERY I,1030,0,0.0
2131572,GROCERY I,1002,0,0.0
2131699,GROCERY I,1002,0,0.0
2132163,GROCERY I,1040,0,6.0
2132318,GROCERY I,1002,0,0.0
2132945,GROCERY I,1026,0,4.0
2132957,GROCERY I,1068,0,0.0
